Name;District;Municipality;Township;Line
Porto Campanha;Porto;Porto;Porto;Linha do Norte
Viana do Castelo;Viana do Castelo;Viana do Castelo;Viana do Castelo;Linha do Minho
Ermidas-Sado;Setubal;Santiago do Cacem;Ermidas-Sado;Linha do Sul
Faro;Faro;Faro;Faro;Linha do Algarve
Funcheira;Beja;Ourique;Funcheira;Linha do Sul
Lisboa Oriente;Lisboa;Lisboa;Parque das Nacoes;Linha do Norte
Nine;Braga;Famalicao;Nine;Linha do Minho
Pinhal Novo;Setubal;Palmela;Pinhal Novo;Linha do Sul
Pombal;Leiria;Pombal;Pombal;Linha do Norte
Tunes;Faro;Silves;Tunes;Linha do Sul
Vila Nova de Gaia-Devesas;Porto;Vila Nova de Gaia;Vila Nova de Gaia;Linha do Norte
Silva;Braga;Barcelos;Silva;Linha do Minho
Sao Pedro da Torre;Viana do Castelo;Valenca;Sao Pedro da Torre;Linha do Minho
Vila Nova da Rainha;Lisboa;Azambuja;Vila Nova da Rainha;Linha do Norte
Estarreja;Aveiro;Estarreja;Beduido e Veiros;Linha do Norte
Branca;Aveiro;Albergaria-a-Velha;Branca;Linha do Vouga
Valongo-Vouga;Aveiro;Agueda;Valongo do Vouga;Linha do Vouga
Mirao;Porto;Baiao;Santa Cruz do Douro e Sao Tome de Covelas;Linha do Douro
Oliveira;Porto;Amarante;Vila Mea;Linha do Douro
Famalicao;Braga;Vila Nova de Famalicao;Vila Nova de Famalicao e Calendario;Linha do Minho
Covas;Braga;Guimaraes;Urgezes;Linha de Guimaraes
Darque;Viana do Castelo;Viana do Castelo;Darque;Linha do Minho
Seica-Ourem;Santarem;Ourem;Seica;Linha do Norte
Alferrarede;Santarem;Abrantes;Abrantes (sao Vicente e Sao Joao) e Alferrarede;Linha da Beira Baixa
Fernando Po;Setubal;Palmela;Poceirao e Marateca;Linha do Alentejo
Aveiro - Vouga;Aveiro;Aveiro;Esgueira;Linha do Vouga
Sao Romao;Porto;Trofa;Coronado (sao Romao e Sao Mamede);Linha do Minho
Freixo de Numao;Guarda;Vila Nova de Foz Coa;Vila Nova de Foz Coa;Linha do Douro
Benquerencas;Castelo Branco;Castelo Branco;Benquerencas;Linha da Beira Baixa
Fungalvaz Resguardo;Santarem;Tomar;Madalena e Beselga;Linha do Norte
Alcainca-Moinhos;Lisboa;Mafra;Malveira e Sao Miguel de Alcainca;Linha do Oeste
Pereirinhas;Braga;Guimaraes;Moreira de Conegos;Linha de Guimaraes
Sao Frutuoso;Porto;Maia;Folgosa;Linha do Minho
Vila Franca de Xira;Lisboa;Vila Franca de Xira;Vila Franca de Xira;Linha do Norte
Couto de Cucujaes;Aveiro;Oliveira de Azemeis;Vila de Cucujaes;Linha do Vouga
Oliveira de Azemeis;Aveiro;Oliveira de Azemeis;Oliveira de Azemeis;Linha do Vouga
Carreco;Viana do Castelo;Viana do Castelo;Carreco;Linha do Minho
Afife;Viana do Castelo;Viana do Castelo;Afife;Linha do Minho
Simoes;Coimbra;Soure;Soure;Linha do Norte
Taipa - Requeixo;Aveiro;Aveiro;Requeixo Nossa Senhora de Fatima e Nariz;Linha do Vouga
Marco de Canaveses;Porto;Marco de Canaveses;Marco;Linha do Douro
Vila Nova de Ancos;Coimbra;Soure;Vila Nova de Ancos;Linha do Norte
Sanfins;Aveiro;Santa Maria da Feira;Santa Maria da Feira, Travanca, Sanfins e Espargo;Linha do Vouga
Sao Mamede de Infesta;Porto;Matosinhos;Sao Mamede de Infesta e Senhora da Hora;Linha de Leixoes
Ferreiros;Braga;Braga;Ferreiros e Gondizalves;Ramal de Braga
Contumil;Porto;Porto;Campanha;Linha do Minho
Meinedo;Porto;Lousada;Meinedo;Linha do Douro
Rio Tinto;Porto;Gondomar;Rio Tinto;Linha do Minho
Cete;Porto;Paredes;Cete;Linha do Douro
Vila Mea;Porto;Amarante;Vila Mea;Linha do Douro
Caxarias;Santarem;Ourem;Caxarias;Linha do Norte
Entroncamento;Santarem;Entroncamento;Nossa Senhora de Fatima;Linha do Norte
Senhora da Agonia;Viana do Castelo;Caminha;Caminha (matriz) e Vilarelho;Linha do Minho
Ermida;Porto;Baiao;Santa Marinha do Zezere;Linha do Douro
Mealhada Norte;Aveiro;Mealhada;Mealhada, Ventosa do Bairro e Antes;Linha do Norte
Avanca;Aveiro;Estarreja;Avanca;Linha do Norte
Santana Cartaxo Resguardo;Santarem;Cartaxo;Vila Cha de Ourique;Linha do Norte
Braga;Braga;Braga;Braga (maximinos, Se e Cividade);Ramal de Braga
Cuca;Braga;Guimaraes;Moreira de Conegos;Linha de Guimaraes
Travasso;Aveiro;Agueda;Travasso e Ois da Ribeira;Linha do Vouga
Salreu;Aveiro;Estarreja;Salreu;Linha do Norte
Sao Joao de Ver;Aveiro;Santa Maria da Feira;Sao Joao de Ver;Linha do Vouga
Pelariga;Leiria;Pombal;Pelariga;Linha do Norte
Meia Praia;Faro;Lagos;Sao Goncalo de Lagos;Linha do Algarve
Castanheira do Ribatejo;Lisboa;Vila Franca de Xira;Castanheira do Ribatejo e Cachoeiras;Linha do Norte
Granja;Porto;Vila Nova de Gaia;Sao Felix da Marinha;Linha do Norte
Ul;Aveiro;Oliveira de Azemeis;O. Azemeis, Riba-Ul, Ul, Macinhata da Seixa, Madail;Linha do Vouga
Monte de Paramos;Aveiro;Espinho;Paramos;Linha do Vouga
Bobadela;Lisboa;Loures;Santa Iria de Azoia, Sao Joao da Talha e Bobadela;Linha do Norte
Livracao;Porto;Marco de Canaveses;Constance;Linha do Douro
Alges;Lisboa;Oeiras;Alges, Linda-a-Velha e Cruz Quebrada-Dafundo;Linha de Cascais
Francelos;Porto;Vila Nova de Gaia;Gulpilhares e Valadares;Linha do Norte
Olhao;Faro;Olhao;Olhao;Linha do Algarve
Tavira;Faro;Tavira;Tavira (santa Maria e Santiago);Linha do Algarve
Oronhe;Aveiro;Agueda;Recardaes e Espinhel;Linha do Vouga
Pacos de Brandao;Aveiro;Santa Maria da Feira;Pacos de Brandao;Linha do Vouga
Pinheiro da Bemposta;Aveiro;Oliveira de Azemeis;Pinheiro da Bemposta, Travanca e Palmaz;Linha do Vouga
Setubal-Mar;Setubal;Setubal;Setubal (sao Sebastiao);Linha do Sul
Casal do Alvaro;Aveiro;Agueda;Recardaes e Espinhel;Linha do Vouga
Pereira;Coimbra;Montemor-o-Velho;Pereira;Linha do Norte
Albergaria-a-Velha;Aveiro;Albergaria-a-Velha;Albergaria-a-Velha e Valmaior;Linha do Vouga
Taveiro;Coimbra;Coimbra;Taveiro, Ameal e Arzila;Linha do Norte
Santiago de Riba-Ul;Aveiro;Oliveira de Azemeis;O. Azemeis, Riba-Ul, Ul, Macinhata da Seixa, Madail;Linha do Vouga
Espinho;Aveiro;Espinho;Espinho;Linha do Norte
Paraimo;Aveiro;Anadia;Sangalhos;Linha do Norte
Carapecos;Braga;Barcelos;Carapecos;Linha do Minho
Recezinhos;Porto;Penafiel;Casteloes;Linha do Douro
Esmeriz;Braga;Vila Nova de Famalicao;Esmeriz e Cabecudos;Linha do Minho
Trancoso;Porto;Paredes;Recarei;Linha do Douro
Aveleda;Braga;Braga;Celeiros, Aveleda e Vimieiro;Ramal de Braga
Vila Pouca do Campo;Coimbra;Coimbra;Taveiro, Ameal e Arzila;Linha do Norte
Curia;Aveiro;Anadia;Tamengos, Aguim e Ois do Bairro;Linha do Norte
Terronhas;Porto;Paredes;Recarei;Linha do Douro
Senhora das Neves;Viana do Castelo;Viana do Castelo;Vila de Punhe;Linha do Minho
Carregado Norte;Lisboa;Alenquer;Carregado e Cadafais;Linha do Norte
General Torres;Porto;Vila Nova de Gaia;Santa Marinha e Sao Pedro da Afurada;Linha do Norte
Coimbra B;Coimbra;Coimbra;Eiras e Sao Paulo de Frades;Linha do Norte
Mazagao;Braga;Braga;Celeiros, Aveleda e Vimieiro;Ramal de Braga
Portela;Porto;Trofa;Covelas;Linha do Minho
Mouquim;Braga;Vila Nova de Famalicao;Lemenhe, Mouquim e Jesufrei;Linha do Minho
Castelo Novo;Castelo Branco;Fundao;Castelo Novo;Linha da Beira Baixa
Giesteira;Braga;Guimaraes;Lordelo;Linha de Guimaraes
Seixas;Viana do Castelo;Caminha;Seixas;Linha do Minho
Vermoil;Leiria;Pombal;Santiago e S. Simao de Litem e Albergaria dos Doze;Linha do Norte
Ruilhe;Braga;Braga;Ruilhe;Ramal de Braga
Mato Miranda;Santarem;Golega;Azinhaga;Linha do Norte
Tadim;Braga;Braga;Tadim;Ramal de Braga
Carvalhal da Portela;Aveiro;Agueda;Valongo do Vouga;Linha do Vouga
Fontela;Coimbra;Figueira da Foz;Vila Verde;Linha do Oeste
Ferradosa;Viseu;Sao Joao da Pesqueira;Vale de Figueira;Linha do Douro
Tojeirinha;Castelo Branco;Vila Velha de Rodao;Vila Velha de Rodao;Linha da Beira Baixa
Irivo;Porto;Penafiel;Irivo;Linha do Douro
Martinganca;Leiria;Alcobaca;Pataias e Martinganca;Linha do Oeste
Coimbra;Coimbra;Coimbra;Se Nova, Santa Cruz, Almedina e Sao Bartolomeu;Ramal da Lousa
Sao Romao - A;Porto;Trofa;Coronado (sao Romao e Sao Mamede);Linha do Minho
Pedra Furada;Lisboa;Sintra;Almargem do Bispo, Pero Pinheiro e Montelavar;Linha do Oeste
Gata;Guarda;Guarda;Casal de Cinza;Linha da Beira Alta
Curvaceiras;Santarem;Tomar;Madalena e Beselga;Ramal de Tomar
Rede;Vila Real;Mesao Frio;Vila Marim;Linha do Douro
Madalena;Porto;Vila Nova de Gaia;Madalena;Linha do Norte
Cortegaca;Aveiro;Ovar;Cortegaca;Linha do Norte
Pala;Porto;Baiao;Ancede e Ribadouro;Linha do Douro
Gondarem;Viana do Castelo;Vila Nova de Cerveira;Gondarem;Linha do Minho
Santa Iria;Lisboa;Loures;Santa Iria de Azoia, Sao Joao da Talha e Bobadela;Linha do Norte
Torres Vedras;Lisboa;Torres Vedras;Santa Maria, Sao Pedro e Matacaes;Linha do Oeste
Caldas de Moledo;Vila Real;Peso da Regua;Fontelas;Linha do Douro
Mealhada;Aveiro;Mealhada;Mealhada, Ventosa do Bairro e Antes;Linha do Norte
Travanca-Macinhata;Aveiro;Oliveira de Azemeis;Pinheiro da Bemposta, Travanca e Palmaz;Linha do Vouga
Pombal Resguardo;Leiria;Pombal;Pombal;Linha do Norte
Soure;Coimbra;Soure;Soure;Linha do Norte
Belmonte-Manteigas;Castelo Branco;Belmonte;Belmonte e Colmeal da Torre;Linha da Beira Baixa
Oliveirinha Cabanas;Viseu;Carregal do Sal;Oliveira do Conde;Linha da Beira Alta
Bagauste;Vila Real;Peso da Regua;Poiares e Canelas;Linha do Douro
Tramagal;Santarem;Abrantes;Tramagal;Linha da Beira Baixa
Fanhais;Leiria;Nazare;Nazare;Linha do Oeste
Vila da Feira;Aveiro;Santa Maria da Feira;Santa Maria da Feira, Travanca, Sanfins e Espargo;Linha do Vouga
Bencanta;Coimbra;Coimbra;Sao Martinho do Bispo e Ribeira de Frades;Linha do Norte
Paramos;Aveiro;Espinho;Paramos;Linha do Norte
Carregal do Sal;Viseu;Carregal do Sal;Carregal do Sal;Linha da Beira Alta
Senhora das Dores;Porto;Trofa;Bougado (sao Martinho e Santiago);Linha do Minho
Aguas Santas;Porto;Maia;Aguas Santas;Linha do Minho
Sao Gemil;Porto;Maia;Aguas Santas;Linha de Leixoes
Monte Redondo;Leiria;Leiria;Monte Redondo e Carreira;Linha do Oeste
Barroselas;Viana do Castelo;Viana do Castelo;Barroselas e Carvoeiro;Linha do Minho
Belver;Portalegre;Gaviao;Belver;Linha da Beira Baixa
Faria;Aveiro;Oliveira de Azemeis;Vila de Cucujaes;Linha do Vouga
Escapaes;Aveiro;Santa Maria da Feira;Escapaes;Linha do Vouga
Aguim;Aveiro;Anadia;Tamengos, Aguim e Ois do Bairro;Linha do Norte
Mosteiro;Porto;Baiao;Ancede e Ribadouro;Linha do Douro
Lardosa;Castelo Branco;Castelo Branco;Lardosa;Linha da Beira Baixa
Paul;Leiria;Bombarral;Rolica;Linha do Oeste
Dois Portos;Lisboa;Torres Vedras;Dois Portos e Runa;Linha do Oeste
Recarei - Sobreira;Porto;Paredes;Sobreira;Linha do Douro
Ademia;Coimbra;Coimbra;Trouxemil e Torre de Vilela;Linha do Norte
Canicos;Braga;Vila Nova de Famalicao;Bairro;Linha de Guimaraes
Donas;Castelo Branco;Fundao;Fundao, Valverde, Donas, A. Joanes, A. Nova do Cabo;Linha da Beira Baixa
Lapa do Lobo;Viseu;Nelas;Lapa do Lobo;Linha da Beira Alta
Ameal;Coimbra;Coimbra;Taveiro, Ameal e Arzila;Linha do Norte
Regua;Vila Real;Peso da Regua;Peso da Regua e Godim;Linha do Douro
Valadares;Porto;Vila Nova de Gaia;Gulpilhares e Valadares;Linha do Norte
Barracao-Sabugal;Guarda;Guarda;Panoias de Cima;Linha da Beira Baixa
Valado;Leiria;Nazare;Valado dos Frades;Linha do Oeste
Soito;Viseu;Mortagua;Espinho;Linha da Beira Alta
Pinhao;Vila Real;Alijo;Pinhao;Linha do Douro
Campo-Serra;Leiria;Caldas da Rainha;Tornada e Salir do Porto;Linha do Oeste
Pampilhosa;Aveiro;Mealhada;Pampilhosa;Linha do Norte
Evora;Evora;Evora;Malagueira e Horta das Figueiras;Linha de Evora
Bombarral;Leiria;Bombarral;Bombarral e Vale Covo;Linha do Oeste
Arentim;Braga;Braga;Arentim e Cunha;Ramal de Braga
Parada;Porto;Paredes;Parada de Todeia;Linha do Douro
Luz;Faro;Tavira;Luz de Tavira e Santo Estevao;Linha do Algarve
Penteado;Setubal;Moita;Moita;Linha do Alentejo
Portela de Sintra;Lisboa;Sintra;S. Maria, S. Miguel, S. Martinho e S. Pedro de Penaferrim;Linha de Sintra
Lavradio;Setubal;Barreiro;Barreiro e Lavradio;Linha do Alentejo
Porto de Sines;Setubal;Sines;Sines;Linha de Sines
Feliteira;Lisboa;Torres Vedras;Dois Portos e Runa;Linha do Oeste
Guimaraes;Braga;Guimaraes;Urgezes;Linha de Guimaraes
Lapa;Aveiro;Santa Maria da Feira;Sao Paio de Oleiros;Linha do Vouga
Oia;Aveiro;Oliveira do Bairro;Oia;Linha do Norte
Suzao;Porto;Valongo;Valongo;Linha do Douro
Virtudes;Lisboa;Azambuja;Aveiras de Baixo;Linha do Norte
Nespereira;Braga;Guimaraes;Nespereira;Linha de Guimaraes
Algoz;Faro;Silves;Algoz e Tunes;Linha do Algarve
Areia - Darque;Viana do Castelo;Viana do Castelo;Darque;Linha do Minho
Lordelo;Braga;Guimaraes;Lordelo;Linha de Guimaraes
Albergaria-a-Nova;Aveiro;Albergaria-a-Velha;Branca;Linha do Vouga
Tortosendo;Castelo Branco;Covilha;Tortosendo;Linha da Beira Baixa
Casais;Coimbra;Coimbra;Sao Martinho do Bispo e Ribeira de Frades;Linha do Norte
Cela;Leiria;Alcobaca;Cela;Linha do Oeste
Rodao;Castelo Branco;Vila Velha de Rodao;Vila Velha de Rodao;Linha da Beira Baixa
Carrico;Leiria;Pombal;Carrico;Linha do Oeste
Espadanal da Azambuja;Lisboa;Azambuja;Vila Nova da Rainha;Linha do Norte
Couto de Cambeses;Braga;Barcelos;Cambeses;Ramal de Braga
Parede;Lisboa;Cascais;Carcavelos e Parede;Linha de Cascais
Vesuvio;Guarda;Vila Nova de Foz Coa;Numao;Linha do Douro
Fundao;Castelo Branco;Fundao;Fundao, Valverde, Donas, A. Joanes, A. Nova do Cabo;Linha da Beira Baixa
Sao Martinho do Porto;Leiria;Alcobaca;Sao Martinho do Porto;Linha do Oeste
Quinta do Valongo - Vacarica;Aveiro;Mealhada;Vacarica;Linha da Beira Alta
Oleiros;Porto;Penafiel;Guilhufe e Urro;Linha do Douro
Alhandra;Lisboa;Vila Franca de Xira;Alhandra, Sao Joao dos Montes e Calhandriz;Linha do Norte
Areosa;Viana do Castelo;Viana do Castelo;Areosa;Linha do Minho
Vale de Figueira;Santarem;Santarem;Sao Vicente do Paul e Vale de Figueira;Linha do Norte
Juncal;Porto;Marco de Canaveses;Paredes de Viadores e Manhuncelos;Linha do Douro
Sao Martinho do Campo;Porto;Valongo;Campo e Sobrado;Linha do Douro
Paialvo;Santarem;Tomar;Madalena e Beselga;Linha do Norte
Vilela - Fornos;Coimbra;Coimbra;Trouxemil e Torre de Vilela;Linha do Norte
Leandro;Porto;Maia;Sao Pedro Fins;Linha do Minho
Vila Nova da Cerveira;Viana do Castelo;Vila Nova de Cerveira;Vila Nova de Cerveira e Lovelhe;Linha do Minho
Vargelas;Viseu;Sao Joao da Pesqueira;Vale de Figueira;Linha do Douro
Noemi;Guarda;Almeida;Miuzela e Porto de Ovelha;Linha da Beira Alta
Alcaide;Castelo Branco;Fundao;Alcaide;Linha da Beira Baixa
Pinhel;Guarda;Pinhel;Alverca da Beira/bouca Cova;Linha da Beira Alta
Soalheira;Castelo Branco;Fundao;Castelo Novo;Linha da Beira Baixa
Regueira de Pontes;Leiria;Leiria;Regueira de Pontes;Linha do Oeste
Mouriscas-A;Santarem;Abrantes;Mouriscas;Linha da Beira Baixa
Carcavelos;Lisboa;Cascais;Carcavelos e Parede;Linha de Cascais
Oeiras;Lisboa;Oeiras;Oeiras e S. Juliao da Barra, Paco de Arcos e Caxias;Linha de Cascais
Leca do Balio;Porto;Matosinhos;Custoias, Leca do Balio e Guifoes;Linha de Leixoes
Barrimau;Braga;Vila Nova de Famalicao;Vila Nova de Famalicao e Calendario;Linha do Minho
Portalegre;Portalegre;Portalegre;Urra;Linha do Leste
Sao Mamede;Leiria;Bombarral;Rolica;Linha do Oeste
Telhada;Coimbra;Figueira da Foz;Paiao;Linha do Oeste
Sao Mamede do Tua;Vila Real;Alijo;Castedo e Cotas;Linha do Douro
Mouriscas;Santarem;Abrantes;Mouriscas;Linha da Beira Baixa
Ermesinde - a;Porto;Valongo;Ermesinde;Linha do Douro
Bicanho;Coimbra;Soure;Samuel;Linha do Oeste
Caldas da Rainha;Leiria;Caldas da Rainha;Nossa Senhora do Populo, Coto e Sao Gregorio;Linha do Oeste
Luso Bucaco;Aveiro;Mealhada;Luso;Linha da Beira Alta
Barquinha;Santarem;Vila Nova da Barquinha;Vila Nova da Barquinha;Linha da Beira Baixa
Lares;Coimbra;Figueira da Foz;Vila Verde;Linha do Oeste
Ramalhal;Lisboa;Torres Vedras;Ramalhal;Linha do Oeste
Carrascal-Delongo;Santarem;Tomar;Paialvo;Ramal de Tomar
Gouveia;Viseu;Mangualde;Abrunhosa-a-Velha;Linha da Beira Alta
Zibreira;Lisboa;Sobral de Monte Agraco;Sobral de Monte Agraco;Linha do Oeste
Santo Amaro;Lisboa;Oeiras;Oeiras e S. Juliao da Barra, Paco de Arcos e Caxias;Linha de Cascais
Barqueiros;Vila Real;Mesao Frio;Barqueiros;Linha do Douro
Cabeda;Porto;Valongo;Alfena;Linha do Douro
Fratel;Castelo Branco;Vila Velha de Rodao;Fratel;Linha da Beira Baixa
Assumar;Portalegre;Monforte;Assumar;Linha do Leste
Marvila;Lisboa;Lisboa;Marvila;Linha de Cintura
Sabugo;Lisboa;Sintra;Almargem do Bispo, Pero Pinheiro e Montelavar;Linha do Oeste
Aldeia;Guarda;Almeida;Castelo Bom;Linha da Beira Alta
Alcaria;Castelo Branco;Fundao;Alcaria;Linha da Beira Baixa
Bouro;Leiria;Caldas da Rainha;Tornada e Salir do Porto;Linha do Oeste
Cerdeira;Guarda;Sabugal;Cerdeira;Linha da Beira Alta
Alpedrinha;Castelo Branco;Fundao;Alpedrinha;Linha da Beira Baixa
Dagorda - Peniche;Leiria;Obidos;Santa Maria, Sao Pedro e Sobral da Lagoa;Linha do Oeste
Bifurcacao do Luso;Aveiro;Mealhada;Luso;Linha da Beira Alta
Cais do Sodre;Lisboa;Lisboa;Misericordia;Linha de Cascais
Bemposta;Santarem;Abrantes;Sao Facundo e Vale de Mos;Linha do Leste
Monte Estoril;Lisboa;Cascais;Cascais e Estoril;Linha de Cascais
Fontela-A;Coimbra;Figueira da Foz;Vila Verde;Linha do Oeste
Retaxo;Castelo Branco;Castelo Branco;Cebolais de Cima e Retaxo;Linha da Beira Baixa
Outeiro;Lisboa;Torres Vedras;Campelos e Outeiro da Cabeca;Linha do Oeste
Torre das Vargens;Portalegre;Ponte de Sor;Ponte de Sor, Tramaga e Vale de Acor;Linha do Leste
Fazenda;Portalegre;Ponte de Sor;Ponte de Sor, Tramaga e Vale de Acor;Linha do Leste
Carvalhos de Figueiredo;Santarem;Tomar;Madalena e Beselga;Ramal de Tomar
Guia;Leiria;Pombal;Guia, Ilha e Mata Mourisca;Linha do Oeste
Contencas;Viseu;Mangualde;Santiago de Cassurraes e Povoa de Cervaes;Linha da Beira Alta
Jerumelo;Lisboa;Sobral de Monte Agraco;Sapataria;Linha do Oeste
Torre da Gadanha;Evora;Montemor-o-Novo;Sao Cristovao;Linha do Alentejo
Bombel;Evora;Vendas Novas;Vendas Novas;Linha do Alentejo
Rio Meao;Aveiro;Santa Maria da Feira;Rio Meao;Linha do Vouga
Roma - Areeiro;Lisboa;Lisboa;Alvalade;Linha de Cintura
Entrecampos - Poente;Lisboa;Lisboa;Avenidas Novas;Linha de Cintura
Sete Rios;Lisboa;Lisboa;Sao Domingos de Benfica;Linha de Cintura
Boliqueime;Faro;Loule;Boliqueime;Linha do Algarve
Santo Tirso;Porto;Santo Tirso;St. Tirso, Couto (s. Cristina e S. Miguel) e Burgaes;Linha de Guimaraes
Urgueiras;Aveiro;Albergaria-a-Velha;Albergaria-a-Velha e Valmaior;Linha do Vouga
Chelas;Lisboa;Lisboa;Beato;Linha de Cintura
Alcantara-Mar;Lisboa;Lisboa;Estrela;Linha de Cascais
Penalva;Setubal;Palmela;Quinta do Anjo;Linha do Sul
Alcantara-Terra;Lisboa;Lisboa;Estrela;Linha de Cintura
Ferragudo;Faro;Lagoa;Estombar e Parchal;Linha do Algarve
Cuba;Beja;Cuba;Cuba;Linha do Alentejo
Mata;Portalegre;Alter do Chao;Chancelaria;Linha do Leste
Alvito;Beja;Alvito;Alvito;Linha do Alentejo
Vila Nova da Baronia;Beja;Alvito;Vila Nova da Baronia;Linha do Alentejo
Sao Joao das Craveiras;Setubal;Montijo;Pegoes;Linha do Alentejo
Moita;Setubal;Moita;Moita;Linha do Alentejo
Agualva-Cacem;Lisboa;Sintra;Agualva e Mira-Sintra;Linha de Sintra
Beja;Beja;Beja;Beja (salvador e Santa Maria da Feira);Linha do Alentejo
Panoias;Beja;Ourique;Panoias e Conceicao;Linha do Alentejo
Sintra;Lisboa;Sintra;S. Maria, S. Miguel, S. Martinho e S. Pedro de Penaferrim;Linha de Sintra
Alcacovas;Evora;Evora;N. S. da Tourega e N. S. de Guadalupe;Linha do Alentejo
Coimbroes;Porto;Vila Nova de Gaia;Canidelo;Linha do Norte
Pataias;Leiria;Alcobaca;Pataias e Martinganca;Linha do Oeste
Muxagata;Guarda;Fornos de Algodres;Figueiro da Granja;Linha da Beira Alta
Almourol;Santarem;Vila Nova da Barquinha;Praia do Ribatejo;Linha da Beira Baixa
Verride;Coimbra;Montemor-o-Velho;Abrunheira, Verride e Vila Nova da Barca;Ramal de Alfarelos
Alhos Vedros;Setubal;Moita;Alhos Vedros;Linha do Alentejo
Baixa da Banheira;Setubal;Moita;Baixa da Banheira e Vale da Amoreira;Linha do Alentejo
Sernada do Vouga;Aveiro;Agueda;Macinhata do Vouga;Linha do Vouga
Oliveira do Bairro;Aveiro;Oliveira do Bairro;Oliveira do Bairro;Linha do Norte
Rio de Mouro;Lisboa;Sintra;Rio de Mouro;Linha de Sintra
Barreiro-A;Setubal;Barreiro;Barreiro e Lavradio;Linha do Alentejo
Barreiro;Setubal;Barreiro;Barreiro e Lavradio;Linha do Alentejo
Massama-Barcarena;Lisboa;Oeiras;Barcarena;Linha de Sintra
Monte Abraao;Lisboa;Sintra;Queluz e Belas;Linha de Sintra
Lavre;Santarem;Coruche;Santana do Mato;Linha de Vendas Novas
Sao Torcato;Santarem;Coruche;Coruche, Fajarda e Erra;Linha de Vendas Novas
Salgueirinha;Santarem;Coruche;Coruche, Fajarda e Erra;Linha de Vendas Novas
Quintans;Aveiro;Aveiro;Oliveirinha;Linha do Norte
Lousal;Setubal;Grandola;Azinheira dos Barros e Sao Mamede do Sadao;Linha do Sul
Porto Sao Bento;Porto;Porto;Cedofeita, Ildefonso, Se, Miragaia, Nicolau, Vitoria;Linha do Minho
Algueirao-Mem Martins;Lisboa;Sintra;Algueirao-Mem Martins;Linha de Sintra
Lisboa Santa Apolonia;Lisboa;Lisboa;Sao Vicente;Linha do Norte
Morgado;Santarem;Cartaxo;Valada;Linha de Vendas Novas
Chanca;Portalegre;Alter do Chao;Chancelaria;Linha do Leste
Bifurcacao de Lares;Coimbra;Montemor-o-Velho;Abrunheira, Verride e Vila Nova da Barca;Linha do Oeste
Montemor;Coimbra;Soure;Alfarelos;Ramal de Alfarelos
Cruz Quebrada;Lisboa;Oeiras;Alges, Linda-a-Velha e Cruz Quebrada-Dafundo;Linha de Cascais
Santa Eulalia-A;Portalegre;Elvas;Santa Eulalia;Linha do Leste
Belem;Lisboa;Lisboa;Belem;Linha de Cascais
Ponte de Sor;Portalegre;Ponte de Sor;Ponte de Sor, Tramaga e Vale de Acor;Linha do Leste
Coina;Setubal;Seixal;Seixal, Arrentela e Aldeia de Paio Pires;Linha do Sul
Arrifana;Aveiro;Santa Maria da Feira;Arrifana;Linha do Vouga
Pocinho;Guarda;Vila Nova de Foz Coa;Vila Nova de Foz Coa;Linha do Douro
Fuseta;Faro;Olhao;Moncarapacho e Fuseta;Linha do Algarve
Ourique;Beja;Castro Verde;Castro Verde e Casevel;Linha do Alentejo
Monte das Flores;Evora;Evora;Malagueira e Horta das Figueiras;Linha de Evora
Alcantarilha;Faro;Silves;Alcantarilha e Pera;Linha do Algarve
Poco Barreto;Faro;Silves;Silves;Linha do Algarve
Paredes;Porto;Paredes;Paredes;Linha do Douro
Benfica;Lisboa;Lisboa;Benfica;Linha de Sintra
Sao Bartolomeu da Serra;Setubal;Santiago do Cacem;Santiago do Cacem, S. Cruz e S. Bartolomeu da Serra;Linha de Sines
Riachos - Torres Novas - Golega;Santarem;Torres Novas;Riachos;Linha do Norte
Silves;Faro;Silves;Silves;Linha do Algarve
Bom Joao;Faro;Faro;Faro (se e Sao Pedro);Linha do Algarve
Santana Cartaxo;Santarem;Cartaxo;Vila Cha de Ourique;Linha do Norte
Pereiras;Beja;Odemira;Santa Clara-a-Velha;Linha do Sul
Monte Novo-Palma;Setubal;Alcacer do Sal;Santa Maria do Castelo e Santiago e Santa Susana;Linha do Sul
Aguda;Porto;Vila Nova de Gaia;Arcozelo;Linha do Norte
Azinheira dos Barros  a;Setubal;Grandola;Azinheira dos Barros e Sao Mamede do Sadao;Linha do Sul
Formoselha / Santo Varao;Coimbra;Montemor-o-Velho;Santo Varao;Linha do Norte
Almancil;Faro;Loule;Almancil;Linha do Algarve
Agolada;Santarem;Coruche;Coruche, Fajarda e Erra;Linha de Vendas Novas
Fatela-Penamacor;Castelo Branco;Fundao;Enxames;Linha da Beira Baixa
Alcains;Castelo Branco;Castelo Branco;Alcains;Linha da Beira Baixa
Silvalde;Aveiro;Espinho;Silvalde;Linha do Norte
Salir do Porto;Leiria;Caldas da Rainha;Tornada e Salir do Porto;Linha do Oeste
Parque das Cidades;Faro;Loule;Almancil;Linha do Algarve
Pero Negro;Lisboa;Sobral de Monte Agraco;Sapataria;Linha do Oeste
Castelejo;Viseu;Santa Comba Dao;Sao Joao de Areias;Linha da Beira Alta
Agueda;Aveiro;Agueda;Agueda e Borralha;Linha do Vouga
Mortagua;Viseu;Mortagua;Mortagua, Vale de Remigio, Cortegaca e Almaca;Linha da Beira Alta
Figueira da Foz;Coimbra;Figueira da Foz;Buarcos e Sao Juliao;Linha do Oeste
Barcelos;Braga;Barcelos;Arcozelo;Linha do Minho
Monte dos Lobos;Viseu;Mortagua;Mortagua, Vale de Remigio, Cortegaca e Almaca;Linha da Beira Alta
Estombar-Lagoa;Faro;Lagoa;Estombar e Parchal;Linha do Algarve
Trofa;Porto;Trofa;Bougado (sao Martinho e Santiago);Linha do Minho
Desvio de Picotas;Beja;Castro Verde;Castro Verde e Casevel;Ramal Neves Corvo
Minas de Neves Corvo;Beja;Castro Verde;Santa Barbara de Padroes;Ramal Neves Corvo
Palmilheira;Porto;Maia;Aguas Santas;Linha do Minho
Cavaco;Aveiro;Santa Maria da Feira;Santa Maria da Feira, Travanca, Sanfins e Espargo;Linha do Vouga
Famalicao da Nazare;Leiria;Nazare;Famalicao;Linha do Oeste
Aguieira;Aveiro;Agueda;Valongo do Vouga;Linha do Vouga
Valongo;Porto;Valongo;Valongo;Linha do Douro
Carvalha;Viana do Castelo;Vila Nova de Cerveira;Campos e Vila Mea;Linha do Minho
Pego;Aveiro;Mealhada;Vacarica;Linha da Beira Alta
Praia do Ribatejo;Santarem;Vila Nova da Barquinha;Praia do Ribatejo;Linha da Beira Baixa
Marujal;Coimbra;Montemor-o-Velho;Abrunheira Verride e Vila Nova da Barca;Ramal de Alfarelos
Entrecampos;Lisboa;Lisboa;Alvalade;Linha de Cintura
Viana;Evora;Viana do Alentejo;Viana do Alentejo;Linha do Alentejo
Pegoes;Setubal;Montijo;Pegoes;Linha do Alentejo
Merces;Lisboa;Sintra;Algueirao-Mem Martins;Linha de Sintra
Garvao;Beja;Ourique;Garvao e Santa Luzia;Linha do Sul
Reboleira;Lisboa;Amadora;Aguas Livres;Linha de Sintra
Marinhais;Santarem;Salvaterra de Magos;Marinhais;Linha de Vendas Novas
Muge;Santarem;Salvaterra de Magos;Muge;Linha de Vendas Novas
Canal-Caveira;Setubal;Grandola;Grandola e Santa Margarida da Serra;Linha do Sul
Vendas Novas;Evora;Vendas Novas;Vendas Novas;Linha do Alentejo
Sao Pedro do Estoril;Lisboa;Cascais;Cascais e Estoril;Linha de Cascais
Cascais;Lisboa;Cascais;Cascais e Estoril;Linha de Cascais
Estoril;Lisboa;Cascais;Cascais e Estoril;Linha de Cascais
Sao Joao do Estoril;Lisboa;Cascais;Cascais e Estoril;Linha de Cascais
Paco de Arcos;Lisboa;Oeiras;Oeiras e S. Juliao da Barra Paco de Arcos e Caxias;Linha de Cascais
Caxias;Lisboa;Oeiras;Oeiras e S. Juliao da Barra Paco de Arcos e Caxias;Linha de Cascais
Crato;Portalegre;Crato;Crato e Martires Flor da Rosa e Vale do Peso;Linha do Leste
Fogueteiro;Setubal;Seixal;Seixal Arrentela e Aldeia de Paio Pires;Linha do Sul
Foros de Amora;Setubal;Seixal;Amora;Linha do Sul
Pragal;Setubal;Almada;Almada, Cova da Piedade, Pragal e Cacilhas;Linha do Sul
Alvito-A;Lisboa;Lisboa;Alcantara;Linha do Sul
Fuseta-A;Faro;Olhao;Moncarapacho e Fuseta;Linha do Algarve
Cacela;Faro;Vila Real de Santo Antonio;Vila Nova de Cacela;Linha do Algarve
Durraes;Braga;Barcelos;Durraes e Tregosa;Linha do Minho
Povoa;Lisboa;Vila Franca de Xira;Povoa de Santa Iria e Forte da Casa;Linha do Norte
Portimao;Faro;Portimao;Portimao;Linha do Algarve
Caide;Porto;Lousada;Caide de Rei;Linha do Douro
Albergaria dos Doze;Leiria;Pombal;Santiago e S. Simao de Litem e Albergaria dos Doze;Linha do Norte
Vizela;Braga;Vizela;Caldas de Vizela (sao Miguel e Sao Joao);Linha de Guimaraes
Mexilhoeira Grande;Faro;Portimao;Mexilhoeira Grande;Linha do Algarve
Messines-Alte;Faro;Silves;Sao Bartolomeu de Messines;Linha do Sul
Sao Marcos;Faro;Silves;Sao Marcos da Serra;Linha do Sul
Santa Clara-Saboia;Beja;Odemira;Santa Clara-a-Velha;Linha do Sul
Luzianes;Beja;Odemira;Luzianes-Gare;Linha do Sul
Lagos;Faro;Lagos;Sao Goncalo de Lagos;Linha do Algarve
Castro Marim;Faro;Castro Marim;Castro Marim;Linha do Algarve
Alvaraes;Viana do Castelo;Viana do Castelo;Alvaraes;Linha do Minho
Grandola Norte;Setubal;Grandola;Grandola e Santa Margarida da Serra;Linha do Sul
Loule;Faro;Loule;Loule (sao Sebastiao);Linha do Algarve
Conceicao;Faro;Tavira;Conceicao e Cabanas de Tavira;Linha do Algarve
Moledo do Minho;Viana do Castelo;Caminha;Moledo e Cristelo;Linha do Minho
Valega;Aveiro;Ovar;Valega;Linha do Norte
Bifurcacao de Torre Va;Beja;Ourique;Panoias e Conceicao;Linha do Sul
Alvalade;Setubal;Santiago do Cacem;Alvalade;Linha do Sul
Carregado;Lisboa;Vila Franca de Xira;Castanheira do Ribatejo e Cachoeiras;Linha do Norte
Figueiredo;Aveiro;Oliveira de Azemeis;Pinheiro da Bemposta, Travanca e Palmaz;Linha do Vouga
Vale de Guizo;Setubal;Alcacer do Sal;Santa Maria do Castelo e Santiago e Santa Susana;Linha do Sul
Ovar;Aveiro;Ovar;Ovar, S. Joao, Arada e S. Vicente de Pereira Jusa;Linha do Norte
Miramar;Porto;Vila Nova de Gaia;Arcozelo;Linha do Norte
Pinheiro;Setubal;Alcacer do Sal;Santa Maria do Castelo e Santiago e Santa Susana;Linha do Sul
Monte Gordo;Faro;Vila Real de Santo Antonio;Monte Gordo;Linha do Algarve
Soudos - Vila Nova;Santarem;Tomar;Paialvo;Ramal de Tomar
Albufeira - Ferreiras;Faro;Albufeira;Ferreiras;Linha do Algarve
Vale da Rosa;Setubal;Setubal;Sado;Linha do Sul
Mourisca-Sado;Setubal;Setubal;Gambia-Pontes-Alto da Guerra;Linha do Sul
Eirol;Aveiro;Aveiro;Eixo e Eirol;Linha do Vouga
Cachofarra;Setubal;Setubal;Setubal (sao Sebastiao);Linha do Sul
Praca do Quebedo;Setubal;Setubal;S. Juliao, N. S. da Anunciada e S. Maria da Graca;Linha do Sul
Vila Real de Sto Antonio;Faro;Vila Real de Santo Antonio;Vila Real de Santo Antonio;Linha do Algarve
Palmela - a;Setubal;Palmela;Palmela;Linha do Sul
Palmela;Setubal;Palmela;Palmela;Linha do Sul
Praias-Sado-A;Setubal;Setubal;Setubal (sao Sebastiao);Linha do Sul
Porto Rei;Vila Real;Mesao Frio;Barqueiros;Linha do Douro
Venda do Alcaide;Setubal;Palmela;Palmela;Linha do Sul
Braco de Prata;Lisboa;Lisboa;Marvila;Linha do Norte
Aguas de Moura;Setubal;Setubal;Gambia-Pontes-Alto da Guerra;Linha do Sul
Corroios;Setubal;Seixal;Corroios;Linha do Sul
Ancora Praia;Viana do Castelo;Caminha;Vila Praia de Ancora;Linha do Minho
Santa Cruz/damaia;Lisboa;Amadora;Aguas Livres;Linha de Sintra
Lisboa Rossio;Lisboa;Lisboa;Santa Maria Maior;Linha de Sintra
Santa Cita;Santarem;Tomar;Madalena e Beselga;Ramal de Tomar
Lourical;Leiria;Pombal;Carrico;Linha do Oeste
Ameal-Sul;Coimbra;Montemor-o-Velho;Pereira;Linha do Norte
Freineda;Guarda;Almeida;Freineda;Linha da Beira Alta
Baracal;Guarda;Celorico da Beira;Baracal;Linha da Beira Alta
Celorico da Beira;Guarda;Celorico da Beira;Forno Telheiro;Linha da Beira Alta
Papizios;Viseu;Carregal do Sal;Carregal do Sal;Linha da Beira Alta
Mourisca do Vouga;Aveiro;Agueda;Trofa, Segadaes e Lamas do Vouga;Linha do Vouga
Cacia;Aveiro;Aveiro;Cacia;Linha do Norte
Sacavem;Lisboa;Loures;Sacavem e Prior Velho;Linha do Norte
Reguengo - Vale da Pedra - Pontevel;Santarem;Cartaxo;Vale da Pedra;Linha do Norte
Esqueiro;Viana do Castelo;Caminha;Lanhelas;Linha do Minho
Cabanoes;Aveiro;Agueda;Travasso e Ois da Ribeira;Linha do Vouga
Azurva;Aveiro;Aveiro;Eixo e Eirol;Linha do Vouga
Leixoes;Porto;Matosinhos;Matosinhos e Leca da Palmeira;Linha de Leixoes
Louro;Braga;Vila Nova de Famalicao;Louro;Linha do Minho
Eixo;Aveiro;Aveiro;Eixo e Eirol;Linha do Vouga
Bustelo;Porto;Penafiel;Bustelo;Linha do Douro
Vale de Santarem;Santarem;Santarem;Vale de Santarem;Linha do Norte
Ermesinde - B;Porto;Valongo;Ermesinde;Concordancia Sao Gemil
Silvalde-Vouga;Aveiro;Espinho;Silvalde;Linha do Vouga
Aregos;Porto;Baiao;Santa Cruz do Douro e Sao Tome de Covelas;Linha do Douro
Espadaneira;Coimbra;Coimbra;Sao Martinho do Bispo e Ribeira de Frades;Linha do Norte
Esgueira;Aveiro;Aveiro;Esgueira;Linha do Vouga
Travagem;Porto;Valongo;Ermesinde;Linha do Minho
Marinha Grande;Leiria;Marinha Grande;Marinha Grande;Linha do Oeste
Canelas;Aveiro;Estarreja;Canelas e Fermela;Linha do Norte
Caminha;Viana do Castelo;Caminha;Caminha (matriz) e Vilarelho;Linha do Minho
Litem;Leiria;Pombal;Santiago e S. Simao de Litem e Albergaria dos Doze;Linha do Norte
Sampaio-Oleiros;Aveiro;Santa Maria da Feira;Sao Paio de Oleiros;Linha do Vouga
Sao Joao de Loure;Aveiro;Aveiro;Eixo e Eirol;Linha do Vouga
Carreira;Braga;Barcelos;Carreira e Fonte Coberta;Linha do Minho
Santarem;Santarem;Santarem;Uniao das Freguesias da Cidade de Santarem;Linha do Norte
Fungalvaz;Santarem;Torres Novas;Assentiz;Linha do Norte
Chao de Macas-Fatima;Santarem;Tomar;Sabacheira;Linha do Norte
Mira Sintra - Melecas;Lisboa;Sintra;Queluz e Belas;Linha do Oeste
Barca da Amieira -Envendos;Santarem;Macao;Envendos;Linha da Beira Baixa
Runa;Lisboa;Torres Vedras;Dois Portos e Runa;Linha do Oeste
Ferrao;Vila Real;Sabrosa;Covas do Douro;Linha do Douro
Vila Fernando;Guarda;Guarda;Vila Fernando;Linha da Beira Alta
Mafra;Lisboa;Mafra;Igreja Nova e Cheleiros;Linha do Oeste
Castelo Mendo;Guarda;Almeida;Castelo Mendo, Ade, Monteperobolso e Mesquitela;Linha da Beira Alta
Macainhas;Castelo Branco;Belmonte;Macainhas;Linha da Beira Baixa
Malveira;Lisboa;Mafra;Malveira e Sao Miguel de Alcainca;Linha do Oeste
Rochoso;Guarda;Guarda;Rochoso e Monte Margarida;Linha da Beira Alta
Sarnadas;Castelo Branco;Vila Velha de Rodao;Sarnadas de Rodao;Linha da Beira Baixa
Covilha;Castelo Branco;Covilha;Covilha e Canhoso;Linha da Beira Baixa
Alegria;Braganca;Carrazeda de Ansiaes;Linhares;Linha do Douro
Livramento;Faro;Tavira;Luz de Tavira e Santo Estevao;Linha do Algarve
Porta Nova;Faro;Tavira;Tavira (santa Maria e Santiago);Linha do Algarve
Casa Branca;Evora;Montemor-o-Novo;Santiago do Escoural;Linha do Alentejo
Tancos;Santarem;Vila Nova da Barquinha;Praia do Ribatejo;Linha da Beira Baixa
Queluz-Belas;Lisboa;Sintra;Queluz e Belas;Linha de Sintra
Reveles;Coimbra;Montemor-o-Velho;Abrunheira, Verride e Vila Nova da Barca;Ramal de Alfarelos
Vidigal;Evora;Vendas Novas;Vendas Novas;Linha de Vendas Novas
Canha;Setubal;Montijo;Canha;Linha de Vendas Novas
Amoreiras-Odemira;Beja;Odemira;Sao Martinho das Amoreiras;Linha do Sul
Azinheira dos Barros;Setubal;Grandola;Azinheira dos Barros e Sao Mamede do Sadao;Linha do Sul
Petrogal - Asfaltos;Setubal;Sines;Sines;Ramal Petrogal - Asfaltos
Ribeira de Seica;Coimbra;Figueira da Foz;Paiao;Linha do Oeste
Fornos de Algodres;Guarda;Fornos de Algodres;Fornos de Algodres;Linha da Beira Alta
Barragem de Belver;Santarem;Macao;Ortiga;Linha da Beira Baixa
Benespera;Guarda;Guarda;Benespera;Linha da Beira Baixa
Monte Real;Leiria;Leiria;Souto da Carpalhosa e Ortigosa;Linha do Oeste
Moimenta Alcafache;Viseu;Mangualde;Espinho;Linha da Beira Alta
Esmoriz;Aveiro;Ovar;Esmoriz;Linha do Norte
Godim;Vila Real;Peso da Regua;Peso da Regua e Godim;Linha do Douro
Miuzela;Guarda;Almeida;Miuzela e Porto de Ovelha;Linha da Beira Alta
Vale de Prazeres;Castelo Branco;Fundao;Vale de Prazeres e Mata da Rainha;Linha da Beira Baixa
Obidos;Leiria;Obidos;Santa Maria, Sao Pedro e Sobral da Lagoa;Linha do Oeste
Amieira;Coimbra;Soure;Samuel;Linha do Oeste
Vila Franca das Naves;Guarda;Trancoso;Vila Franca das Naves e Feital;Linha da Beira Alta
Camarao;Leiria;Bombarral;Bombarral e Vale Covo;Linha do Oeste
Raquete;Setubal;Sines;Sines;Linha de Sines
Tomar;Santarem;Tomar;Sao Joao Baptista e Santa Maria dos Olivais;Ramal de Tomar
Desvio Km 19.5;Santarem;Salvaterra de Magos;Gloria do Ribatejo e Granho;Linha de Vendas Novas
Grandola;Setubal;Grandola;Grandola e Santa Margarida da Serra;Linha do Sul
Alvega-Ortiga;Santarem;Macao;Ortiga;Linha da Beira Baixa
Sapataria;Lisboa;Sobral de Monte Agraco;Sapataria;Linha do Oeste
Leiria;Leiria;Leiria;Marrazes e Barosa;Linha do Oeste
Arronches;Portalegre;Arronches;Assuncao;Linha do Leste
Caria;Castelo Branco;Belmonte;Caria;Linha da Beira Baixa
Canas Felgueira;Viseu;Nelas;Canas de Senhorim;Linha da Beira Alta
Macinhata;Aveiro;Agueda;Macinhata do Vouga;Linha do Vouga
Carvalheira - Maceda;Aveiro;Ovar;Maceda;Linha do Norte
Francelos Sul;Porto;Vila Nova de Gaia;Gulpilhares e Valadares;Linha do Norte
Francelos Norte;Porto;Vila Nova de Gaia;Gulpilhares e Valadares;Linha do Norte
